{
	"Assembly": 
	{
		"PreplacedParts":
		[
			{"PartName": "Antenna","Preplaced": true},
			{"PartName": "Frame1","Preplaced": true},
			{"PartName": "Frame2","Preplaced": true},
			{"PartName": "Top","Preplaced": true},
			{"PartName": "Battery","Preplaced": true},
			{"PartName": "Solar","Preplaced": true},
			{"PartName": "Control","Preplaced": true},
			{"PartName": "Air","Preplaced": false}
		]
	},
	
	"Datafile": "EN_Data0",
	
	"DataCollection": 
	{
		"Altitude": 3000,
		"Questions": 
		[
			{
				"QuestionText": "This is a very important question! What is the answer? 1",
				"Answers": ["Correct answer", "Incorrect1", "Incorrect2", "Incorrect3"]
			},
			{
				"QuestionText": "This is a very important question! What is the answer? 2",
				"Answers": ["Correct answer", "Incorrect1", "Incorrect2", "Incorrect3"]
			}
		]
	}
}
