{
	"Assembly": 
	{
		"PreplacedParts":
		[			
			{"PartName": "Antenna","Preplaced": true},
			{"PartName": "Frame1","Preplaced": false},
			{"PartName": "Frame2","Preplaced": true},
			{"PartName": "Top","Preplaced": false},
			{"PartName": "Battery","Preplaced": false},
			{"PartName": "Solar","Preplaced": false},
			{"PartName": "Control","Preplaced": true},
			{"PartName": "Air","Preplaced": false}
		]
	},
	
	"DataPath": "./Data/RU_Data0.csv",
	
	"DataCollection": 
	{
		"Questions": 
		[
			{
				"QuestionText": "На какой высоте наблюдается максимальное загрязнение воздуха частицами PM 10?",
				"Answers": ["168 м", "4412 м", "4960 м", "2311 м"]
			}
		]
	},
	"FinalMessage":"Благодаря вашей отменной работе мы выявили загрязнение воздуха частицами категории PM10! Именно оно стало причиной увядания, ведь эти частицы негативно влияют на фотосинтез и общее здоровье растений!"
}
