{
  "Scenarios": [
		{
			"Name":"Миссия 1",
			"Description": "В этом сценарии вам нужно будет помочь Белке и Стрелке отправить в атмосферу предсобранный наноспутник, чтобы протестировать его работу.",
			"Difficulty": 0,
			"NumParts": 3,
			"Altitude": 3000,
			"Payload": "Датчик качества воздуха",
			"Mission": "Комитет Охраны Людей сообщает о загадочном увядании лесов в районе экватора. Для определения причин мы должны собрать данные из этого региона. Для начала давайте выясним предельную высоту работы нашего спутника.  Человечество и животные планеты полагаются на вас!\n\nС неземным приветом,\nКапитан Белка"
		},
		{
			"Name":"Миссия 2",
			"Description": "В этом сценарии вам нужно будет помочь Белке и Стрелке отправить в атмосферу предсобранный наноспутник, чтобы протестировать его работу.",
			"Difficulty": 1,
			"NumParts": 5,
			"Altitude": 5000,
			"Payload": "Датчик качества воздуха",
			"Mission": "Наш разведовательный отряд жуков обнаружил, что причина увядания растений связана с фотосинтезом. Ваша задача - выяснить, какие факторы могут влиять на этот процесс в указанном регионе. Разведайте и сообщите результаты для разработки дальнейших мер по защите растительности.\n\nС неземным приветом,\nПрофессор Стрелка"
		},
		{
			"Name":"Миссия 3",
			"Description": "В этом сценарии вам нужно будет помочь Белке и Стрелке отправить в атмосферу предсобранный наноспутник, чтобы протестировать его работу.",
			"Difficulty": 2,
			"NumParts": 8,
			"Altitude": 8000,
			"Payload": "Датчик качества воздуха",
			"Mission": "Проблема серьёзнее, чем казалось! PM10 и PM2.5 наносят вред не только растениям, но и другим живым организмам. Частицы PM2.5 могут проникать глубже в дыхательные пути и поэтому имеют более серьезное воздействие, чем PM10. Сообщите, на какой высоте концентрация PM2.5 максимальна.\n\nС неземным приветом,\nГенерал Обезьянка"
		}
  ]
}