{
	"Assembly": 
	{
		"PreplacedParts":
		[
			{"PartName": "Antenna","Preplaced": false},
			{"PartName": "Frame1","Preplaced": false},
			{"PartName": "Frame2","Preplaced": false},
			{"PartName": "Top","Preplaced": false},
			{"PartName": "Battery","Preplaced": false},
			{"PartName": "Solar","Preplaced": false},
			{"PartName": "Control","Preplaced": false},
			{"PartName": "Air","Preplaced": false}
		]
	},
	
	"DataPath": "./Data/RU_Data0.csv",
	
	"DataCollection": 
	{
		"Questions": 
		[
			{
				"QuestionText": "На какой высоте концентрация PM2.5 максимальна?",
				"Answers": ["7935 м", "8000 м", "427 м", "6554 м"]
			}
		]
	},
	"FinalMessage":"Браво, коллеги! На высоте 7935 метров обнаружен резкий всплеск РМ 2.5, указывающий на выброс вредных частиц заводом. Собранные данные помогут нам найти источник загрязнения и требовать модернизации систем фильтрации."
}
