{
	"Assembly": 
	{
		"PreplacedParts":
		[
			{"PartName": "Antenna","Preplaced": true},
			{"PartName": "Frame1","Preplaced": false},
			{"PartName": "Frame2","Preplaced": true},
			{"PartName": "Top","Preplaced": true},
			{"PartName": "Battery","Preplaced": false},
			{"PartName": "Solar","Preplaced": true},
			{"PartName": "Control","Preplaced": true},
			{"PartName": "Air","Preplaced": false}
		]
	},
	
	"Datafile": "RU_Data0",
	
	"DataCollection": 
	{
		"Questions": 
		[
			{
				"QuestionText": "На какой высоте температура воздуха падает до -20 градусов?",
				"Answers": ["2950 м", "3000 м", "1860 м", "1130 м"]
			}
		]
	},
	"FinalMessage":"Отличная работа! Теперь мы знаем предельные возможности нашего наноспутника и смело можем начинать расследование!"
}
