{
	"Assembly": 
	{
		"Parts":
		[
			{"PartFile":"./Data/Parts/Antenna.json", "Preplaced": true},
			{"PartFile":"./Data/Parts/Frame.json", "Preplaced": true},
			{"PartFile":"./Data/Parts/Top.json", "Preplaced": true},
			{"PartFile":"./Data/Parts/Battery.json", "Preplaced": false},
			{"PartFile":"./Data/Parts/Air.json", "Preplaced": false},
			{"PartFile":"./Data/Parts/Frame.json", "Preplaced": false},
			{"PartFile":"./Data/Parts/Control.json", "Preplaced": true},
			{"PartFile":"./Data/Parts/Solar.json", "Preplaced": true}
		]
	},
	
	"DataPath": "./Data/RU_Data0.csv",
	
	"DataCollection": 
	{
		"Questions": 
		[
			{
				"QuestionText": "QUESTION1",
				"Answers": ["Q1A", "Q1B", "Q1C", "Q1D"]
			}
		]
	},
	"FinalMessage":"FINAL_MESSAGE1"
}
