{
  "Scenarios": [
		{
			"Name":"MISSION1_TITLE",
			"Description": "GENERIC_DESCRIPTION1",
			"Difficulty": 0,
			"NumParts": 3,
			"Altitude": 3000,
			"Payload": "PAYLOAD_AIR",
			"Mission": "MISSION1_DESCRIPTION",
			"CharacterPortrait":"./Data/Characters/belka.png"
		},
		{
			"Name":"MISSION2_TITLE",
			"Description": "GENERIC_DESCRIPTION1",
			"Difficulty": 1,
			"NumParts": 5,
			"Altitude": 5000,
			"Payload": "PAYLOAD_AIR",
			"Mission": "MISSION2_DESCRIPTION",
			"CharacterPortrait":"./Data/Characters/strelka.png"
		},
		{
			"Name":"MISSION3_TITLE",
			"Description": "GENERIC_DESCRIPTION1",
			"Difficulty": 2,
			"NumParts": 8,
			"Altitude": 8000,
			"Payload": "PAYLOAD_AIR",
			"Mission": "MISSION3_DESCRIPTION",
			"CharacterPortrait":"./Data/Characters/monkey.png"
		}
  ]
}