{
	"Assembly": 
	{
		"Parts":
		[
			{"PartFile":"./Data/Parts/Antenna.json", "Preplaced": false},
			{"PartFile":"./Data/Parts/Frame.json", "Preplaced": false},
			{"PartFile":"./Data/Parts/Top.json", "Preplaced": false},
			{"PartFile":"./Data/Parts/Battery.json", "Preplaced": false},
			{"PartFile":"./Data/Parts/Air.json", "Preplaced": false},
			{"PartFile":"./Data/Parts/Frame.json", "Preplaced": false},
			{"PartFile":"./Data/Parts/Control.json", "Preplaced": false},
			{"PartFile":"./Data/Parts/Solar.json", "Preplaced": false}
		]
	},
	
	"DataPath": "./Data/RU_Data0.csv",
	
	"DataCollection": 
	{
		"Questions": 
		[
			{
				"QuestionText": "QUESTION3",
				"Answers": ["Q3A", "Q3B", "Q3C", "Q3D"]
			}
		]
	},
	"FinalMessage":"FINAL_MESSAGE3"
}
