{
	"Assembly": 
	{
		"Parts":
		[
			{"PartFile":"./Data/Parts/Antenna.json", "Preplaced": false},
			{"PartFile":"./Data/Parts/Frame.json", "Preplaced": false},
			{"PartFile":"./Data/Parts/Top.json", "Preplaced": false},
			{"PartFile":"./Data/Parts/Battery.json", "Preplaced": true},
			{"PartFile":"./Data/Parts/Air.json", "Preplaced": true},
			{"PartFile":"./Data/Parts/Frame.json", "Preplaced": true},
			{"PartFile":"./Data/Parts/Control.json", "Preplaced": false},
			{"PartFile":"./Data/Parts/Solar.json", "Preplaced": false}
		]
	},
	
	"DataPath": "./Data/RU_Data0.csv",
	
	"DataCollection": 
	{
		"Questions": 
		[
			{
				"QuestionText": "QUESTION2",
				"Answers": ["Q2A", "Q2B", "Q2C", "Q2D"]
			}
		]
	},
	"FinalMessage":"FINAL_MESSAGE2"
}
